Name,Indian rupee,Chinese renmimbi,US dollar,Turkish lira,Saudi riyal,Indonesian rupiah,UAE dirham,Thai baht,Vietnamese dong,Egyptian pound,Korean won,Euro,Russian ruble
31-12-1978,#N/A,#N/A,226.00,#N/A,#N/A,#N/A,#N/A,#N/A,#N/A,#N/A,#N/A,137.10,#N/A
31-01-1979,1840.80,#N/A,233.70,#N/A,745.20,139739.30,856.10,4511.30,#N/A,#N/A,108235.80,144.80,#N/A
28-02-1979,2011.70,#N/A,251.30,#N/A,827.80,154683.10,946.60,4985.70,#N/A,#N/A,119929.30,154.60,#N/A
30-03-1979,1940.20,#N/A,240.10,#N/A,796.70,148844.20,910.40,4812.90,#N/A,#N/A,116123.60,148.00,#N/A
30-04-1979,2013.10,#N/A,245.30,#N/A,819.40,152453.60,930.20,4891.00,#N/A,#N/A,117423.30,152.80,#N/A
31-05-1979,2253.40,#N/A,274.60,#N/A,933.30,171656.10,1048.40,5560.80,#N/A,#N/A,133889.60,172.00,#N/A
29-06-1979,2190.60,#N/A,277.50,#N/A,923.00,166854.40,1049.80,5477.30,#N/A,#N/A,133065.60,169.00,#N/A
31-07-1979,2354.10,#N/A,296.50,#N/A,1023.30,189817.00,1156.00,6147.70,#N/A,#N/A,145048.80,179.70,#N/A
31-08-1979,2527.70,#N/A,315.10,#N/A,1052.20,196888.00,1189.00,6424.50,#N/A,#N/A,153643.90,190.40,#N/A
28-09-1979,3190.30,#N/A,397.30,#N/A,1306.80,242994.80,1474.40,7894.90,#N/A,#N/A,191720.60,233.20,#N/A
31-10-1979,3142.60,#N/A,382.00,#N/A,1298.60,239598.90,1455.90,7808.00,#N/A,#N/A,183783.90,231.50,#N/A
30-11-1979,3310.30,#N/A,415.70,#N/A,1392.30,258912.70,1532.60,8260.50,#N/A,#N/A,201557.70,244.90,#N/A
31-12-1979,4189.60,#N/A,512.00,#N/A,1749.00,324101.30,2055.90,10645.20,#N/A,#N/A,253615.90,299.10,#N/A
31-01-1980,5329.60,#N/A,653.00,#N/A,2266.50,421828.90,2490.50,13763.80,#N/A,#N/A,387525.20,385.00,#N/A
29-02-1980,5138.10,#N/A,637.00,#N/A,2151.20,400528.20,2393.30,13036.50,#N/A,#N/A,371647.90,381.50,#N/A
31-03-1980,4155.40,#N/A,494.50,#N/A,1683.50,316964.80,1890.50,10312.80,#N/A,#N/A,294925.40,321.60,#N/A
30-04-1980,4155.20,#N/A,518.00,#N/A,1756.30,329451.40,1963.20,10712.70,#N/A,#N/A,306587.70,317.30,#N/A
30-05-1980,4152.30,#N/A,535.50,#N/A,1722.20,323825.60,1923.90,10526.00,#N/A,#N/A,316820.60,323.10,#N/A
30-06-1980,5150.40,#N/A,653.50,#N/A,2204.10,414677.60,2451.50,13466.50,#N/A,#N/A,399487.40,392.70,#N/A
31-07-1980,4813.20,#N/A,614.30,#N/A,2094.30,394486.30,2329.00,12792.60,#N/A,#N/A,378648.50,372.40,#N/A
29-08-1980,4903.60,#N/A,631.30,#N/A,2078.40,391180.50,2308.50,12745.40,#N/A,#N/A,390549.10,386.50,#N/A
30-09-1980,5211.30,#N/A,666.80,#N/A,2225.40,419188.70,2472.30,13638.50,#N/A,#N/A,418750.00,412.80,#N/A
31-10-1980,4911.20,#N/A,629.00,#N/A,2111.70,398885.50,2357.10,12999.30,#N/A,#N/A,414417.50,404.90,#N/A
28-11-1980,4871.90,#N/A,619.80,#N/A,2061.10,385638.40,2269.30,12677.80,#N/A,#N/A,409443.90,406.70,#N/A
31-12-1980,4620.30,#N/A,589.80,#N/A,1960.10,367506.80,2149.90,12026.70,#N/A,#N/A,389010.80,392.40,#N/A
30-01-1981,4123.20,#N/A,506.50,#N/A,1700.20,322681.90,1897.50,10623.80,#N/A,#N/A,337842.70,363.30,#N/A
27-02-1981,4082.90,#N/A,489.00,#N/A,1645.10,315684.50,1849.60,10333.10,#N/A,#N/A,328679.10,358.00,#N/A
31-03-1981,4240.50,#N/A,513.80,#N/A,1722.80,319803.10,1880.90,10481.00,#N/A,#N/A,345953.60,375.10,#N/A
30-04-1981,3998.50,#N/A,482.80,#N/A,1611.20,306365.50,1788.70,9999.80,#N/A,#N/A,326551.00,369.70,#N/A
29-05-1981,4046.50,#N/A,479.30,#N/A,1628.00,300077.80,1762.20,9967.10,#N/A,#N/A,327334.80,386.10,#N/A
30-06-1981,3703.80,#N/A,426.00,#N/A,1447.60,267801.70,1565.50,8820.80,#N/A,#N/A,288769.60,353.40,#N/A
31-07-1981,3655.10,#N/A,406.00,#N/A,1395.00,259920.10,1516.10,9395.60,#N/A,#N/A,278331.80,346.90,#N/A
31-08-1981,3820.10,#N/A,425.00,#N/A,1445.20,266472.50,1551.00,9711.30,#N/A,#N/A,291090.10,362.50,#N/A
30-09-1981,3870.40,#N/A,428.80,#N/A,1450.80,263485.10,1533.50,9593.30,#N/A,#N/A,292365.90,349.90,#N/A
30-10-1981,3876.40,#N/A,427.00,#N/A,1455.40,262289.90,1536.10,9516.40,#N/A,#N/A,290947.80,347.00,#N/A
30-11-1981,3815.00,#N/A,414.50,#N/A,1426.10,263773.40,1532.40,9542.70,#N/A,#N/A,286653.30,332.90,#N/A
31-12-1981,3625.10,#N/A,397.50,#N/A,1372.50,249492.10,1456.30,9089.60,#N/A,#N/A,280200.10,327.50,#N/A
29-01-1982,3546.00,#N/A,387.00,#N/A,1331.20,241185.50,1405.40,8746.40,#N/A,#N/A,274961.80,327.90,#N/A
26-02-1982,3373.90,#N/A,362.60,#N/A,1238.30,239036.00,1357.90,8442.40,#N/A,#N/A,258598.20,308.90,#N/A
31-03-1982,2987.60,#N/A,320.00,#N/A,1091.70,207452.80,1178.00,7365.00,#N/A,#N/A,230215.10,285.70,#N/A
30-04-1982,3322.10,#N/A,361.30,#N/A,1220.80,228982.00,1306.30,8080.40,#N/A,#N/A,257287.40,318.80,#N/A
31-05-1982,3072.30,#N/A,325.30,#N/A,1118.40,212397.60,1197.30,7471.70,#N/A,#N/A,238624.00,284.80,#N/A
30-06-1982,2971.90,#N/A,317.50,#N/A,1080.50,202249.50,1131.00,7086.80,#N/A,#N/A,232610.90,301.00,#N/A
30-07-1982,3265.40,#N/A,342.90,#N/A,1180.40,229039.50,1275.00,7981.20,#N/A,#N/A,253895.00,315.20,#N/A
31-08-1982,3933.30,#N/A,411.50,#N/A,1423.70,273420.70,1519.80,9487.40,#N/A,#N/A,307333.30,388.30,#N/A
30-09-1982,3824.80,#N/A,397.00,#N/A,1356.50,265365.90,1455.80,9061.00,#N/A,#N/A,293222.60,383.40,#N/A
29-10-1982,4108.40,#N/A,423.30,#N/A,1450.70,287624.70,1552.60,9688.10,#N/A,#N/A,314301.00,416.80,#N/A
30-11-1982,4127.60,#N/A,436.00,#N/A,1468.00,289730.60,1557.50,9706.00,#N/A,#N/A,318880.10,423.20,#N/A
31-12-1982,4320.00,#N/A,456.90,0.10,1543.10,310012.90,1642.30,10240.00,#N/A,#N/A,335836.80,429.90,#N/A
31-01-1983,5003.50,#N/A,499.50,0.10,1735.00,352513.80,1852.20,11532.60,#N/A,#N/A,400806.00,486.10,#N/A
28-02-1983,4197.00,#N/A,408.50,0.10,1441.90,293998.00,1539.50,9612.90,#N/A,#N/A,316076.20,394.40,#N/A
31-03-1983,4104.30,#N/A,414.80,0.10,1427.40,285570.50,1489.60,9437.10,#N/A,#N/A,316200.10,410.90,#N/A
29-04-1983,4286.40,#N/A,429.30,0.10,1479.00,415182.80,1577.80,9808.40,#N/A,#N/A,329045.20,430.90,#N/A
31-05-1983,4391.80,#N/A,437.50,0.10,1521.40,425128.20,1606.10,9997.50,#N/A,#N/A,338512.60,447.30,#N/A
30-06-1983,4183.60,#N/A,416.00,0.10,1433.30,410375.40,1545.30,9614.10,#N/A,#N/A,323650.90,431.70,#N/A
29-07-1983,4291.00,#N/A,422.00,0.10,1456.00,414510.20,1549.40,9741.90,#N/A,#N/A,330624.80,456.50,#N/A
31-08-1983,4219.70,#N/A,414.30,0.10,1441.30,410061.30,1525.70,9530.20,#N/A,#N/A,327496.60,452.90,#N/A
30-09-1983,4123.30,#N/A,405.00,0.10,1404.20,399655.30,1490.00,9310.60,#N/A,#N/A,318877.10,440.90,#N/A
31-10-1983,3923.50,#N/A,382.00,0.10,1333.30,377345.60,1407.10,8782.90,#N/A,#N/A,304076.90,416.50,#N/A
30-11-1983,4218.60,#N/A,405.00,0.10,1411.90,400414.30,1485.50,9262.50,#N/A,#N/A,323302.20,451.50,#N/A
30-12-1983,3995.00,#N/A,382.40,0.10,1334.40,380175.30,1368.80,8699.70,#N/A,#N/A,303482.90,432.00,#N/A
31-01-1984,4002.40,#N/A,373.80,0.10,1307.60,371236.60,1371.10,8557.80,#N/A,#N/A,297259.10,436.20,#N/A
29-02-1984,4220.10,#N/A,394.30,0.10,1394.00,387872.60,1432.10,8940.50,#N/A,#N/A,314622.80,428.60,#N/A
30-03-1984,4169.10,#N/A,388.50,0.10,1366.80,388109.90,1426.30,8914.60,#N/A,#N/A,307614.30,421.40,#N/A
30-04-1984,4094.20,#N/A,375.80,0.10,1324.20,377814.40,1381.10,8608.10,#N/A,#N/A,300057.20,425.20,#N/A
31-05-1984,4218.30,#N/A,384.30,0.10,1350.80,386028.80,1416.30,8805.30,#N/A,#N/A,306067.70,437.20,#N/A
29-06-1984,4178.20,#N/A,373.10,0.10,1317.70,378159.60,1373.80,8527.40,#N/A,#N/A,301435.40,431.90,#N/A
31-07-1984,3919.90,#N/A,342.40,0.10,1201.30,349071.90,1251.20,7811.70,#N/A,#N/A,277173.70,412.70,#N/A
31-08-1984,4007.90,#N/A,348.30,0.10,1228.40,362634.10,1277.90,7963.80,#N/A,#N/A,281185.00,419.40,#N/A
28-09-1984,4140.00,#N/A,343.80,0.10,1226.80,369385.00,1285.30,8029.90,#N/A,#N/A,280510.00,436.40,#N/A
31-10-1984,4017.00,#N/A,333.50,0.10,1186.20,351055.20,1203.80,7588.60,#N/A,#N/A,273420.20,421.40,#N/A
30-11-1984,4016.00,#N/A,329.00,0.10,1174.50,350872.20,1209.40,8777.30,#N/A,#N/A,269813.10,423.70,#N/A
31-12-1984,3825.90,#N/A,308.30,0.10,1106.40,331867.40,1134.40,8219.40,#N/A,#N/A,255666.70,402.50,#N/A
31-01-1985,3834.80,842.60,306.70,0.10,1089.30,325091.90,1101.80,8114.50,#N/A,#N/A,253249.80,402.80,#N/A
28-02-1985,3783.10,821.10,287.80,0.10,1047.70,311937.80,1043.70,8002.20,#N/A,#N/A,244833.30,400.50,#N/A
29-03-1985,4001.60,892.20,329.30,0.20,1183.80,344772.50,1144.10,8514.80,#N/A,#N/A,280428.80,425.70,#N/A
30-04-1985,3994.60,900.50,321.40,0.20,1168.90,356360.10,1178.80,8751.80,#N/A,#N/A,281071.20,417.90,#N/A
31-05-1985,3857.00,875.90,314.00,0.20,1132.40,342594.30,1128.80,8372.00,#N/A,#N/A,272709.80,403.40,#N/A
28-06-1985,3874.70,898.60,317.80,0.20,1156.00,348424.20,1146.10,8513.80,#N/A,#N/A,277650.00,405.00,#N/A
31-07-1985,3901.30,949.00,327.50,0.20,1205.60,369511.20,1219.80,8775.20,#N/A,#N/A,286988.10,393.60,#N/A
30-08-1985,3974.00,972.20,333.30,0.20,1220.90,375115.70,1234.00,8839.60,#N/A,#N/A,295526.00,400.00,#N/A
30-09-1985,3826.20,963.10,325.80,0.20,1184.60,364130.60,1191.60,8369.20,#N/A,#N/A,290471.20,375.90,#N/A
31-10-1985,3899.90,1001.20,325.10,0.20,1190.90,360653.30,1181.10,8482.80,#N/A,#N/A,290054.00,366.60,#N/A
29-11-1985,3861.20,1022.60,325.30,0.20,1183.00,358365.30,1172.30,8228.10,#N/A,#N/A,289224.00,353.90,#N/A
31-12-1985,3920.60,1047.40,326.80,0.20,1193.60,366475.70,1196.70,8614.40,#N/A,#N/A,291095.50,347.50,#N/A
31-01-1986,4329.00,1105.10,350.50,0.20,1268.40,387882.20,1276.00,8994.40,#N/A,#N/A,307966.60,364.10,#N/A
28-02-1986,4172.40,1084.50,338.20,0.20,1246.30,384803.10,1252.50,8862.60,#N/A,#N/A,300222.00,328.60,#N/A
31-03-1986,4172.50,1099.00,344.00,0.20,1251.80,387262.40,1259.70,8947.70,#N/A,#N/A,303244.20,348.00,#N/A
30-04-1986,4206.10,1086.80,345.80,0.20,1263.00,389404.60,1270.80,8916.80,#N/A,#N/A,306433.50,329.60,#N/A
30-05-1986,4364.70,1126.30,343.20,0.20,1253.10,391991.50,1259.80,9089.90,#N/A,#N/A,308695.90,351.00,#N/A
30-06-1986,4276.40,1101.70,346.80,0.20,1292.40,393070.30,1274.40,9050.60,#N/A,#N/A,307330.50,336.20,#N/A
31-07-1986,4468.90,1311.90,357.50,0.20,1341.10,399186.00,1312.70,9119.00,#N/A,#N/A,313632.60,332.20,#N/A
29-08-1986,4778.80,1438.70,384.70,0.30,1442.80,439981.30,1413.00,10042.20,#N/A,#N/A,342266.60,349.50,#N/A
30-09-1986,5376.90,1572.90,423.20,0.30,1586.60,691787.20,1554.10,10851.80,#N/A,#N/A,369087.50,383.60,#N/A
31-10-1986,5187.40,1500.60,401.00,0.30,1506.40,660302.60,1475.50,10485.10,#N/A,#N/A,352586.50,369.80,#N/A
28-11-1986,5069.30,1444.40,389.50,0.30,1463.30,638939.70,1432.70,9971.90,#N/A,#N/A,335152.40,345.50,#N/A
31-12-1986,5061.00,1430.90,388.80,0.30,1465.80,632246.10,1434.40,9953.80,#N/A,#N/A,333768.30,337.80,#N/A
30-01-1987,5264.70,1494.80,400.50,0.30,1496.40,657713.30,1465.70,10405.00,#N/A,#N/A,347664.70,334.80,#N/A
27-02-1987,5202.40,1473.90,405.90,0.30,1499.30,651217.70,1468.30,10285.90,#N/A,#N/A,341629.90,338.00,#N/A
31-03-1987,5419.50,1566.10,421.00,0.30,1576.00,697007.00,1543.50,10820.10,#N/A,#N/A,356768.10,346.70,#N/A
30-04-1987,5734.50,1687.10,453.30,0.40,1703.30,746884.10,1668.30,11532.60,#N/A,#N/A,378459.10,371.80,#N/A
29-05-1987,5758.30,1724.00,451.00,0.40,1687.10,766388.20,1652.50,11759.20,#N/A,#N/A,370657.40,375.90,#N/A
30-06-1987,5727.80,1678.30,447.30,0.40,1678.00,737569.40,1643.50,11504.80,#N/A,#N/A,358907.20,373.30,#N/A
31-07-1987,5938.20,1697.30,462.50,0.40,1703.00,753019.50,1667.60,11995.90,#N/A,#N/A,366498.40,391.90,#N/A
31-08-1987,5870.50,1686.30,453.40,0.40,1692.60,743654.40,1657.70,11560.50,#N/A,#N/A,365336.30,374.30,#N/A
30-09-1987,5954.30,1721.80,459.50,0.40,1709.30,756913.80,1673.90,11669.80,#N/A,#N/A,366900.40,384.70,#N/A
30-10-1987,6078.50,1711.60,468.80,0.40,1761.00,758869.20,1724.60,11721.50,#N/A,#N/A,374979.60,372.20,#N/A
30-11-1987,6230.40,1817.60,492.50,0.50,1849.40,796704.40,1811.40,12272.10,#N/A,#N/A,389806.30,372.00,#N/A
31-12-1987,6116.90,1758.90,484.10,0.50,1820.30,776608.70,1781.50,11789.20,#N/A,#N/A,379396.70,351.80,#N/A
29-01-1988,6056.50,1760.60,458.00,0.50,1746.00,780269.10,1710.30,11828.40,#N/A,#N/A,365858.80,352.90,#N/A
29-02-1988,5501.90,1580.10,426.20,0.50,1595.40,708952.90,1562.40,10643.50,#N/A,#N/A,323719.60,330.50,#N/A
31-03-1988,6171.10,1684.90,457.00,0.50,1709.40,755387.80,1673.70,11616.10,#N/A,#N/A,338778.80,347.70,#N/A
29-04-1988,5900.70,1664.10,449.00,0.60,1686.70,748498.80,1651.80,11228.00,#N/A,#N/A,330981.00,345.60,#N/A
31-05-1988,6119.10,1730.60,455.50,0.60,1715.00,775606.30,1679.40,11502.60,#N/A,#N/A,337941.90,360.80,#N/A
30-06-1988,6143.30,1641.40,436.60,0.60,1634.60,741140.90,1600.60,11117.00,#N/A,#N/A,319114.20,364.40,#N/A
29-07-1988,6290.80,1662.90,436.80,0.60,1662.50,765104.20,1627.90,11143.50,#N/A,#N/A,322211.60,374.60,#N/A
31-08-1988,6120.70,1598.70,427.80,0.70,1601.70,733381.20,1568.30,10922.40,#N/A,#N/A,309388.80,369.10,#N/A
30-09-1988,5773.70,1479.40,396.70,0.60,1496.90,673950.10,1465.90,10202.80,#N/A,#N/A,286281.80,341.80,#N/A
31-10-1988,6296.20,1526.80,412.40,0.70,1554.80,709698.00,1522.50,10377.10,#N/A,#N/A,289747.00,337.90,#N/A
30-11-1988,6256.70,1557.60,422.60,0.70,1582.60,726966.00,1549.30,10573.60,#N/A,#N/A,289517.20,336.60,#N/A
30-12-1988,6123.10,1516.90,410.30,0.80,1537.10,704545.50,1505.60,10261.90,#N/A,966.30,277911.20,332.70,#N/A
31-01-1989,5970.30,1487.90,394.00,0.80,1481.20,689890.60,1450.60,10002.50,#N/A,933.00,269841.10,335.70,#N/A
28-02-1989,5884.40,1444.10,387.00,0.80,1450.20,681096.30,1419.80,9794.20,#N/A,929.50,259669.60,321.60,#N/A
31-03-1989,5942.80,1452.50,383.20,0.80,1433.20,687149.40,1403.40,9713.50,#N/A,946.20,257102.00,329.40,#N/A
28-04-1989,5922.90,1410.50,377.60,0.80,1413.80,665755.10,1384.70,9599.60,#N/A,945.00,250784.00,321.80,#N/A
31-05-1989,5869.40,1348.80,361.80,0.80,1356.80,649178.80,1328.10,9318.20,#N/A,934.10,238954.90,324.60,#N/A
30-06-1989,6142.90,1403.10,373.00,0.80,1397.80,664356.70,1369.00,9644.10,#N/A,968.70,247982.40,330.90,#N/A
31-07-1989,6011.30,1364.70,368.30,0.80,1374.40,649527.70,1345.90,9337.30,#N/A,930.40,243816.30,310.90,#N/A
31-08-1989,5962.50,1352.80,359.80,0.80,1352.70,642839.00,1324.50,9318.00,#N/A,919.90,241158.50,318.10,#N/A
29-09-1989,6115.90,1326.60,366.50,0.80,1382.70,647270.90,1353.90,9463.20,#N/A,943.10,244908.30,312.40,#N/A
31-10-1989,6309.70,1394.30,375.30,0.90,1409.20,672384.40,1380.00,9691.70,#N/A,975.10,252768.70,315.20,#N/A
30-11-1989,6881.80,1526.50,408.20,0.90,1531.10,731002.70,1498.90,10483.40,#N/A,1040.50,274233.30,332.90,#N/A
29-12-1989,6624.80,1873.50,398.60,0.90,1490.30,715762.50,1459.40,10036.10,1800931.70,1018.40,269064.40,310.70,#N/A
31-01-1990,7041.00,1930.20,415.10,1.00,1557.40,745400.50,1524.90,10623.30,1867170.00,1059.90,283240.80,321.30,#N/A
28-02-1990,6957.40,1936.80,407.70,1.00,1527.70,747408.30,1496.00,10494.10,1853648.10,1085.60,282356.40,316.20,#N/A
30-03-1990,6334.40,1717.10,368.50,0.90,1376.80,652783.70,1348.10,9506.10,1622520.20,947.30,257424.60,283.90,#N/A
30-04-1990,6379.30,1739.60,367.80,0.90,1370.00,669724.50,1341.50,9510.60,1651644.80,982.50,258294.20,280.70,#N/A
31-05-1990,6295.50,1717.40,363.10,0.90,1371.70,671905.90,1343.20,9352.30,1646877.60,988.30,261068.10,280.20,#N/A
29-06-1990,6140.50,1652.20,352.20,0.90,1317.00,643678.60,1289.70,9085.10,1571727.90,946.90,251163.50,265.90,#N/A
31-07-1990,6457.20,1736.90,372.30,1.00,1385.80,683200.30,1357.00,9487.60,1660937.80,996.30,264292.90,267.80,#N/A
31-08-1990,6783.80,1847.00,387.80,1.10,1471.90,732412.10,1441.00,9844.90,1767463.90,1073.60,280291.50,278.00,#N/A
28-09-1990,7333.10,1937.90,408.40,1.10,1531.70,750542.50,1499.50,10321.70,1841723.50,1111.70,291580.30,291.90,#N/A
31-10-1990,6895.00,1790.70,379.50,1.10,1427.50,728429.80,1397.40,9507.00,2408684.40,1071.30,272351.00,262.60,#N/A
30-11-1990,6999.60,2037.10,384.90,1.10,1443.40,733905.20,1413.70,9642.30,2478753.20,1107.10,274260.40,264.80,#N/A
31-12-1990,6948.90,2039.20,386.20,1.10,1454.90,743695.80,1425.00,9633.20,2543477.40,1116.80,279605.70,265.70,#N/A
31-01-1991,6810.60,1903.00,366.00,1.10,1369.50,697763.30,1341.70,9167.70,2486522.00,1069.80,262751.90,251.10,#N/A
28-02-1991,6917.00,1927.80,362.70,1.20,1365.50,708074.80,1337.40,9141.10,2662609.10,1106.80,263600.60,256.10,#N/A
29-03-1991,6942.20,1914.90,355.70,1.30,1328.80,703234.40,1301.40,9121.30,2652360.90,1192.00,258393.50,279.80,#N/A
30-04-1991,7226.60,1853.70,357.80,1.40,1318.20,677328.20,1290.80,9147.10,2746716.80,1149.60,255187.40,282.50,#N/A
31-05-1991,7527.30,1959.40,360.40,1.50,1358.50,712877.60,1330.20,9212.60,2916526.20,1215.50,262950.00,288.90,#N/A
28-06-1991,7785.60,1993.50,368.40,1.60,1389.20,720144.00,1360.30,9469.30,3050151.20,1185.30,269465.60,308.50,#N/A
31-07-1991,9348.00,1927.00,362.90,1.60,1359.20,709925.50,1331.00,9313.50,3199789.10,1211.90,261978.90,292.90,#N/A
30-08-1991,8953.70,1875.90,347.40,1.60,1305.60,687789.90,1278.50,8958.80,3144969.10,1151.80,255223.20,280.80,#N/A
30-09-1991,9120.50,1889.60,354.90,1.70,1336.00,698068.30,1303.40,9039.50,3739925.10,1174.20,262333.60,273.60,#N/A
31-10-1991,9241.40,1875.40,357.50,1.80,1340.50,694845.40,1312.60,9097.80,3929005.00,1182.20,268195.40,276.70,#N/A
29-11-1991,9466.70,1973.80,366.30,1.90,1371.40,740279.10,1343.10,9297.60,4681072.30,1237.10,277075.40,277.90,#N/A
31-12-1991,9080.60,1900.60,353.20,1.80,1321.00,706524.60,1293.70,8922.80,4586186.20,1171.10,268147.80,250.30,#N/A
31-01-1992,9182.90,1936.50,354.10,2.00,1322.00,708094.90,1294.60,9010.80,4169040.60,1176.60,268166.30,264.70,#N/A
28-02-1992,9210.30,1926.00,353.10,2.10,1327.90,713864.60,1300.50,8995.30,3945745.20,1203.10,271728.10,269.00,#N/A
31-03-1992,9913.30,1876.50,341.70,2.10,1281.10,691011.20,1254.60,8732.00,3793965.20,1146.60,264928.40,261.70,#N/A
30-04-1992,9615.70,1838.50,336.40,2.20,1261.40,680938.40,1244.80,8595.90,3813917.00,1116.80,261431.70,258.00,#N/A
29-05-1992,9669.20,1853.60,337.50,2.30,1245.70,677051.20,1233.40,8589.70,3765644.80,1119.40,262019.30,251.30,#N/A
30-06-1992,9838.50,1837.30,343.40,2.40,1286.50,699544.40,1259.80,8678.80,3855172.10,1138.70,271352.00,243.10,#N/A
31-07-1992,10174.50,1929.70,357.90,2.50,1343.40,732421.50,1315.60,9043.20,3998228.20,1189.10,282683.00,246.80,#N/A
31-08-1992,9700.00,1849.30,340.00,2.40,1273.80,697878.90,1247.40,8581.00,3695804.20,1123.60,267308.50,224.50,#N/A
30-09-1992,9903.80,1847.30,349.00,2.50,1315.10,715105.30,1287.80,8735.30,3685588.90,1153.40,275448.50,241.30,#N/A
30-10-1992,9632.50,1958.80,339.30,2.70,1272.30,701908.80,1245.90,8598.00,3734205.30,1126.30,266395.40,255.00,#N/A
30-11-1992,9425.60,1913.00,334.20,2.80,1252.50,689393.30,1227.10,8534.40,3587429.90,1101.90,262380.90,261.40,#N/A
31-12-1992,9639.30,1931.50,332.90,2.90,1249.80,685837.30,1224.00,8436.20,3611720.40,1108.50,262056.70,266.70,#N/A
29-01-1993,9642.40,1953.90,330.50,2.90,1243.20,697207.40,1217.50,8426.80,3586616.50,1103.10,266748.90,264.30,169.00
26-02-1993,9885.60,1929.10,327.60,3.00,1227.10,683127.00,1201.70,8356.90,3522924.50,1093.50,262379.40,270.50,184.60
31-03-1993,10539.90,1910.60,337.80,3.20,1265.80,695490.70,1239.80,8555.50,3509393.20,1130.20,265808.40,275.00,227.20
30-04-1993,11114.50,2024.30,354.30,3.50,1333.00,738775.70,1305.40,8930.90,3752160.90,1186.30,281994.90,281.10,276.50
31-05-1993,11780.30,2163.60,377.50,3.80,1415.70,784975.00,1386.50,9447.10,3985904.90,1248.50,299838.20,300.70,373.90
30-06-1993,11869.90,2157.00,378.50,4.10,1435.80,802263.30,1406.00,9578.40,3986029.80,1270.30,307523.90,321.10,397.80
30-07-1993,12585.50,2362.20,401.80,4.60,1501.00,842476.70,1467.20,10112.70,4384188.80,1346.90,323503.50,354.80,412.10
31-08-1993,11702.30,2164.50,371.60,4.40,1393.60,785905.50,1364.30,9364.30,4012317.10,1245.60,301068.10,319.00,365.40
30-09-1993,11159.00,2083.00,355.50,4.40,1342.50,759562.60,1314.30,9054.50,3868901.20,1193.00,289915.00,298.70,365.30
29-10-1993,11602.70,2139.00,369.60,4.80,1387.20,780876.40,1358.20,9368.70,3975044.40,1244.20,298819.00,318.90,443.30
30-11-1993,11630.40,2157.50,370.90,5.10,1395.30,785713.10,1366.40,9419.30,4007217.60,1247.00,300630.10,327.90,445.60
31-12-1993,12252.60,2265.50,391.80,5.80,1465.00,824654.20,1432.00,9977.90,4226900.80,1316.70,315272.60,348.20,486.10
31-01-1994,11853.70,3287.80,377.90,6.60,1417.30,799380.20,1390.10,9617.90,4109174.20,1272.50,305372.30,335.20,583.00
28-02-1994,11967.30,3317.50,381.60,7.70,1430.90,818472.90,1403.20,9660.90,4139181.90,1286.20,308235.10,333.00,595.80
31-03-1994,12209.60,3389.30,389.20,10.10,1459.70,838754.30,1429.40,9819.80,4253041.40,1316.30,314153.40,331.00,683.90
29-04-1994,11808.30,3269.40,376.50,13.00,1411.80,811815.20,1380.00,9479.00,4099915.30,1266.50,304058.80,317.50,689.90
31-05-1994,12159.40,3356.60,387.60,12.20,1453.60,838890.90,1423.30,9767.80,4239984.30,1310.30,312377.30,325.30,737.30
30-06-1994,12085.70,3333.20,388.30,12.00,1444.90,836010.00,1420.00,9647.00,4237276.30,1301.80,310155.70,317.60,768.00
29-07-1994,12046.50,3310.10,384.00,12.00,1440.20,831531.00,1417.30,9611.90,4187886.80,1297.60,308245.90,313.40,791.50
31-08-1994,12100.50,3301.70,385.80,13.20,1446.70,838524.10,1416.20,9659.20,4288263.90,1302.40,308812.10,313.00,831.40
30-09-1994,12383.20,3368.00,394.90,13.50,1481.00,859191.40,1450.00,9861.10,4292387.80,1333.90,315358.60,314.80,1056.00
31-10-1994,12044.20,3272.80,383.90,13.80,1439.90,833411.70,1413.80,9567.00,4185222.60,1292.40,305995.30,298.40,1177.40
30-11-1994,12027.80,3259.90,383.10,14.00,1437.20,834629.10,1408.60,9598.70,4202716.50,1305.50,304420.10,311.10,1237.90
30-12-1994,12022.10,3237.00,383.30,14.80,1437.70,842383.50,1407.60,9621.50,4243700.50,1306.40,302192.60,308.80,1374.90
31-01-1995,11762.50,3163.60,374.90,15.20,1406.00,831153.10,1377.00,9391.20,4141304.50,1274.50,295945.90,297.30,1528.10
28-02-1995,11828.80,3173.50,376.40,15.60,1411.70,834384.50,1382.50,9387.40,4172605.40,1281.60,297224.10,293.60,1676.20
31-03-1995,12314.70,3303.20,392.00,16.50,1470.20,877296.00,1439.80,9662.80,4395106.20,1337.70,302663.10,291.40,1866.40
28-04-1995,12250.80,3276.80,389.80,16.60,1461.80,870311.80,1431.60,9585.90,4369884.80,1331.30,297125.90,291.50,1970.60
31-05-1995,12076.60,3191.80,384.30,16.60,1441.40,855643.50,1411.50,9484.50,4358805.30,1314.60,291241.60,289.90,1914.20
30-06-1995,12153.40,3212.90,387.10,17.10,1451.70,861959.90,1421.60,9554.30,4270713.80,1319.20,293480.50,287.10,1766.50
31-07-1995,12042.90,3181.90,383.40,17.30,1437.80,856403.60,1408.00,9489.80,4234649.90,1304.40,290214.80,280.70,1721.00
31-08-1995,12179.80,3181.10,382.40,18.40,1434.10,866595.90,1404.20,9581.70,4204096.20,1299.60,295632.90,295.00,1707.70
29-09-1995,13027.20,3194.30,384.00,18.90,1440.20,870144.00,1410.40,9630.70,4232637.20,1306.20,294988.80,289.00,1671.50
31-10-1995,13086.60,3181.70,382.70,19.60,1435.10,868997.90,1405.50,9627.50,4218096.80,1300.60,292784.40,285.60,1722.30
30-11-1995,13532.30,3223.20,387.80,21.30,1454.40,885540.90,1424.40,9757.00,4357054.40,1319.70,298857.80,294.60,1814.30
29-12-1995,13608.90,3218.80,387.00,23.60,1451.40,884875.50,1421.40,9748.50,4261810.80,1317.20,300215.30,290.70,1788.80
31-01-1996,14776.20,3371.70,405.60,25.50,1521.00,929317.40,1489.50,10276.60,4416734.00,1378.10,318458.00,314.80,1899.20
29-02-1996,13892.50,3333.90,400.70,26.50,1502.60,928105.50,1471.50,10100.40,4439553.80,1362.90,313528.40,306.50,1932.20
29-03-1996,13515.50,3303.10,396.40,28.10,1486.50,926467.80,1455.70,9999.90,4365015.70,1347.80,310044.70,304.50,1928.00
30-04-1996,13597.70,3259.60,391.30,29.40,1467.40,911532.90,1437.20,9880.30,4336371.40,1331.10,304529.10,308.70,1942.40
31-05-1996,13681.00,3251.50,390.60,30.70,1464.70,910957.40,1434.60,9888.30,4300538.80,1328.00,307733.70,307.00,1967.00
28-06-1996,13457.90,3179.00,382.00,31.40,1432.70,889105.00,1403.10,9702.80,4207350.30,1297.10,309878.40,298.60,1954.10
31-07-1996,13697.40,3202.10,385.30,32.10,1445.10,906032.50,1415.00,9730.70,4240825.40,1310.50,313210.10,293.50,2007.20
30-08-1996,13784.70,3210.00,386.50,33.50,1449.40,905065.80,1419.40,9779.10,4275566.30,1313.50,316599.10,294.90,2081.40
30-09-1996,13511.30,3146.30,379.00,34.80,1421.40,879848.50,1392.10,9633.20,4180559.70,1288.40,313054.00,296.10,2049.10
31-10-1996,13510.20,3149.90,379.50,36.50,1423.30,883665.80,1393.70,9679.10,4136002.00,1290.30,313865.30,294.30,2071.10
29-11-1996,13262.80,3082.20,371.30,38.00,1392.50,870698.00,1363.80,9483.20,4119384.00,1262.30,307789.00,291.80,2049.00
31-12-1996,13228.40,3064.20,369.30,40.30,1385.00,872353.10,1356.00,9467.60,4068831.30,1252.80,312200.90,290.50,2063.70
31-01-1997,12394.80,2865.40,345.50,40.10,1295.80,821080.80,1268.70,8953.60,3863552.30,1174.70,298563.70,288.70,1947.40
28-02-1997,12866.60,2974.70,358.60,44.10,1344.90,859743.20,1316.80,9285.90,4007156.40,1216.60,309955.70,310.10,2038.10
31-03-1997,12489.90,2888.10,348.20,44.50,1305.80,835907.90,1278.70,9043.20,4172631.50,1182.40,311768.20,297.50,1994.60
30-04-1997,12162.10,2821.40,340.20,46.10,1275.70,826564.30,1249.00,8886.40,3964787.00,1154.90,303413.70,300.80,1959.60
30-05-1997,12363.80,2865.80,345.60,48.80,1296.20,840671.60,1269.40,8612.40,4029693.00,1171.50,308102.30,301.60,1993.40
30-06-1997,11976.90,2773.70,334.60,49.70,1254.80,813457.90,1228.80,8666.50,3903361.20,1137.10,297080.20,296.90,1931.50
31-07-1997,11649.10,2705.50,326.40,52.20,1224.00,853404.90,1198.70,10402.40,3812581.80,1107.40,290451.40,305.20,1895.90
29-08-1997,11820.00,2696.60,325.40,54.50,1220.30,959782.10,1195.00,11123.70,3805619.30,1105.50,293628.20,298.50,1900.20
30-09-1997,12012.10,2751.40,332.10,57.90,1245.50,1085966.50,1219.70,12055.20,3891712.30,1127.50,303688.70,298.80,1945.60
31-10-1997,11324.10,2579.50,311.40,57.10,1168.30,1122596.70,1143.70,12775.20,3800638.50,1059.50,300438.50,273.00,1836.30
28-11-1997,11452.00,2457.40,296.80,58.10,1113.20,1082577.30,1090.10,11946.20,3646634.90,1009.30,347107.40,266.60,1760.80
31-12-1997,11378.70,2402.70,290.20,60.10,1088.40,1594648.70,1065.80,13973.10,3567035.90,987.40,491888.90,266.10,1740.50
30-01-1998,11834.30,2523.70,304.90,66.70,1143.40,3200923.50,1119.70,16080.80,3746759.00,1040.30,464591.20,284.50,1842.00
27-02-1998,11702.70,2462.10,297.40,68.70,1115.50,2631989.10,1092.30,12817.90,3858168.80,1012.30,485654.00,275.70,1798.80
31-03-1998,11884.20,2492.10,301.00,73.20,1128.80,2603650.00,1105.60,11814.30,3906566.00,1025.30,416885.00,284.20,1835.50
30-04-1998,12339.50,2571.90,310.70,77.70,1165.20,2508902.10,1141.20,12016.30,4034284.80,1059.50,415250.50,284.80,1904.40
29-05-1998,12235.80,2430.80,293.60,75.80,1101.30,3317678.30,1078.40,11858.50,3811807.70,1001.60,413241.80,267.30,1811.40
30-06-1998,12555.70,2453.30,296.30,78.90,1111.40,4385237.10,1088.30,12533.50,3847599.50,1010.80,406819.60,273.00,1845.80
31-07-1998,12287.70,2391.70,288.90,78.40,1083.40,3798375.60,1061.00,11799.50,3753198.40,989.20,355429.80,262.40,1814.30
31-08-1998,11625.00,2263.80,273.40,75.90,1025.70,3062078.90,1004.20,11455.50,3802311.60,932.60,369226.60,246.30,2720.30
30-09-1998,12460.10,2432.50,293.90,81.60,1102.20,3144193.40,1079.30,11615.90,4085687.00,1002.00,408671.70,251.00,4708.90
30-10-1998,12381.80,2419.60,292.30,84.20,1096.30,2221478.50,1073.60,10740.60,4064597.70,1002.60,385689.60,247.50,4881.40
30-11-1998,12548.30,2439.60,294.70,89.40,1105.30,2188147.10,1082.40,10638.70,4091914.10,1006.20,367196.10,254.80,5437.20
31-12-1998,12230.40,2382.70,287.80,90.80,1079.50,2288008.50,1057.10,10457.20,3998402.70,981.40,346079.30,245.10,6202.10
29-01-1999,12130.90,2362.50,285.40,95.20,1070.40,2554329.10,1048.20,10545.50,3961350.60,974.00,335344.90,251.30,6612.70
26-02-1999,12249.90,2376.50,287.10,101.80,1077.20,2536802.70,1054.40,10712.70,3987695.90,981.40,351205.40,261.50,6632.30
31-03-1999,11857.10,2313.90,279.50,104.30,1048.00,2424228.30,1026.40,10497.50,3884913.20,953.80,342885.10,258.90,6987.60
30-04-1999,12260.70,2372.80,286.60,112.20,1074.90,2317159.80,1052.70,10637.20,3986174.10,986.60,340623.90,270.90,7080.50
31-05-1999,11509.50,2223.60,268.60,109.20,1007.40,2168943.80,986.60,9963.70,3736895.50,917.20,318653.40,257.60,6639.80
30-06-1999,11317.30,2160.70,261.00,110.20,978.90,1796985.00,958.60,9624.40,3636382.50,890.80,302107.50,253.10,6330.60
30-07-1999,11070.00,2115.70,255.60,109.80,958.60,1747664.90,938.80,9509.60,3565108.70,872.80,307614.60,238.80,6197.00
31-08-1999,11075.50,2109.00,254.80,113.50,955.60,1955589.90,935.90,9772.90,3557517.40,870.10,300791.40,241.20,6391.70
30-09-1999,13034.90,2475.10,299.00,138.00,1121.30,2498145.00,1098.20,12236.60,4184206.00,1020.40,363733.50,280.80,7545.30
29-10-1999,12977.90,2475.90,299.10,143.80,1121.70,2041356.50,1098.60,11545.30,4190239.40,1025.90,358770.30,284.60,7808.00
30-11-1999,12649.70,2412.10,291.40,151.00,1092.70,2129767.40,1070.10,11361.20,4083559.60,995.40,337747.30,289.40,7779.00
31-12-1999,12631.00,2403.10,290.30,157.40,1088.50,2046262.50,1066.10,10906.10,4071772.10,992.90,328795.10,289.60,7996.40
31-01-2000,12360.00,2345.10,283.30,158.40,1062.50,2102084.60,1040.60,10613.80,3980928.90,970.30,318287.30,289.60,8112.30
29-02-2000,12806.50,2431.00,293.70,168.80,1101.30,2180350.50,1078.50,11192.50,4127836.70,1006.30,332148.90,305.00,8427.80
31-03-2000,12067.70,2291.10,276.80,163.00,1038.00,2094997.50,1016.50,10463.90,3891381.80,949.60,305877.90,289.20,7931.70
28-04-2000,12008.00,2277.40,275.10,168.00,1031.60,2179769.70,1010.30,10475.30,3869400.70,945.20,305236.50,301.80,7819.70
31-05-2000,12135.80,2253.50,272.30,167.90,1021.10,2338627.50,1000.00,10673.60,3834369.00,938.50,307506.40,293.60,7691.70
30-06-2000,12872.40,2385.40,288.20,178.50,1080.70,2522032.00,1058.40,11302.70,4058015.10,1000.50,321294.30,300.60,8088.40
31-07-2000,12459.30,2291.30,276.80,175.90,1038.00,2463075.00,1016.50,11435.30,3899961.00,965.60,309060.60,298.70,7710.30
31-08-2000,12678.30,2293.20,277.00,181.40,1038.90,2303255.00,1017.40,11322.40,3911240.00,973.70,307123.80,311.60,7693.70
29-09-2000,12597.50,2265.80,273.70,182.10,1026.40,2401277.90,1005.10,11546.70,3889659.70,975.00,305160.70,310.10,7602.50
31-10-2000,12387.90,2189.40,264.50,180.60,992.10,2475720.00,971.50,11634.00,3802716.50,988.60,300868.80,312.10,7374.80
30-11-2000,12608.70,2227.50,269.10,183.80,1009.40,2565867.10,988.40,11792.00,3901409.70,1017.60,327090.90,309.10,7517.00
29-12-2000,12811.30,2271.70,274.50,184.00,1029.30,2655303.30,1008.10,11905.60,3983366.60,1067.60,347179.20,292.30,7864.10
31-01-2001,12271.50,2189.60,264.50,179.10,992.00,2499525.00,971.50,11239.90,3847152.50,1019.00,332476.50,284.40,7531.40
28-02-2001,12416.20,2207.80,266.70,257.40,1000.20,2627661.30,979.60,11484.10,3884218.10,1035.50,334468.40,290.00,7646.30
30-03-2001,12015.30,2133.20,257.70,271.20,966.40,2684589.20,946.50,11595.20,3747988.10,993.40,342998.60,291.50,7418.40
30-04-2001,12323.30,2178.20,263.20,298.90,986.90,3052538.90,966.60,12001.00,3833041.50,1023.20,346568.40,296.80,7612.90
31-05-2001,12575.20,2214.10,267.50,313.00,1003.20,2975937.50,982.50,12140.50,3921817.50,1039.90,342667.50,315.60,7803.50
29-06-2001,12729.00,2239.70,270.60,339.60,1014.90,3082132.30,993.90,12252.80,4017190.10,1054.80,351915.10,319.60,7887.20
31-07-2001,12531.90,2200.90,265.90,353.60,997.20,2526049.10,976.70,12151.60,3973741.10,1049.90,345138.10,303.90,7805.00
31-08-2001,12869.20,2259.60,273.00,374.20,1023.90,2419462.50,1002.70,12035.20,4093362.00,1163.60,348757.50,300.50,8030.60
28-09-2001,14024.80,2425.90,293.10,448.60,1099.40,2845266.80,1076.50,13037.10,4397377.10,1249.30,383814.30,321.80,8637.40
31-10-2001,13377.20,2307.20,278.80,443.50,1045.30,2919906.30,1023.90,12462.90,4190170.00,1188.30,360981.30,309.50,8287.50
30-11-2001,13204.70,2280.40,275.50,407.50,1033.20,2883107.50,1011.90,12091.70,4150958.50,1174.60,350697.70,307.70,8248.50
31-12-2001,13332.80,2288.50,276.50,402.30,1037.00,2875600.00,1015.60,12229.60,4170449.50,1265.00,363182.80,310.50,8431.90
31-01-2002,13694.40,2336.50,282.30,369.40,1058.70,2911922.50,1036.90,12433.90,4268655.40,1307.80,371054.80,327.90,8675.80
28-02-2002,14465.50,2456.90,296.90,414.10,1113.30,3013026.00,1090.40,12972.30,4494603.60,1375.20,392999.50,343.20,9207.10
29-03-2002,14702.30,2494.80,301.40,403.30,1130.30,2961254.00,1107.00,13116.90,4578264.50,1396.20,399942.60,345.50,9393.10
30-04-2002,15080.20,2551.10,308.20,413.10,1155.80,2875505.50,1132.10,13331.20,4690957.40,1431.00,398826.10,342.00,9628.20
31-05-2002,16006.70,2703.10,326.60,471.10,1224.80,2840602.20,1199.60,13828.20,4980484.50,1502.40,400476.70,349.60,10234.00
28-06-2002,15561.90,2636.30,318.50,505.00,1194.50,2775090.50,1169.90,13227.30,4864291.30,1479.00,383155.50,322.50,10039.10
31-07-2002,14818.20,2521.50,304.70,515.90,1142.50,2761499.00,1118.90,12801.40,4667236.50,1415.20,361951.50,310.70,9606.30
30-08-2002,15161.40,2589.00,312.80,510.50,1173.10,2769842.30,1148.90,13197.00,4795221.00,1449.10,375969.70,319.00,9886.80
30-09-2002,15650.90,2679.40,323.70,537.80,1214.00,2911357.40,1189.00,14003.30,4966852.10,1503.70,397422.60,327.50,10267.80
31-10-2002,15318.90,2623.00,316.90,531.40,1188.50,2924986.10,1164.00,13713.80,4868057.90,1468.00,386142.50,320.00,10074.20
29-11-2002,15413.30,2640.80,319.10,491.00,1196.50,2864269.60,1171.90,13877.10,4908102.70,1478.00,385651.50,320.70,10162.50
31-12-2002,16648.20,2873.80,347.20,576.40,1302.10,3107439.60,1275.20,14964.30,5347226.50,1607.50,411796.40,330.90,11093.00
31-01-2003,17567.80,3041.80,367.50,606.60,1378.20,3259725.00,1349.80,15718.00,5670892.50,1962.50,427770.00,342.30,11704.30
28-02-2003,16561.20,2876.00,347.50,554.70,1303.00,3086571.60,1276.20,14865.60,5360979.00,1937.00,414733.60,322.40,10972.50
31-03-2003,15892.00,2771.70,334.90,574.40,1255.70,2980666.00,1229.90,14360.00,5174602.20,1929.60,420052.40,306.90,10507.20
30-04-2003,15943.40,2787.30,336.80,527.40,1262.90,2920801.10,1236.90,14436.50,5207502.00,1998.60,409151.30,301.80,10477.00
30-05-2003,16993.00,2991.20,361.40,516.60,1355.40,3003233.20,1327.40,15084.80,5592121.40,2159.40,435848.30,307.30,11090.20
30-06-2003,16078.60,2864.00,346.00,490.50,1297.60,2854500.00,1270.90,14545.80,5361962.00,2095.30,413297.00,301.30,10501.10
31-07-2003,16368.90,2936.40,354.80,506.40,1330.40,3018922.50,1303.00,14892.40,5503591.50,2183.50,418782.40,315.20,10734.40
29-08-2003,17217.50,3108.90,375.60,526.50,1408.60,3186964.80,1379.50,15433.40,5829309.70,2309.90,442550.50,342.10,11462.90
30-09-2003,17754.90,3211.50,388.00,540.30,1455.10,3257260.00,1425.10,15492.80,6034952.00,2382.30,446258.20,333.20,11867.80
31-10-2003,17504.90,3196.80,386.30,572.80,1448.50,3281773.10,1418.60,15409.40,6041722.50,2363.90,457126.90,332.30,11566.30
28-11-2003,18232.50,3297.10,398.40,582.40,1493.90,3387965.50,1463.10,15904.10,6224614.80,2454.90,478836.40,332.30,11847.10
31-12-2003,18991.40,3445.20,416.30,584.80,1561.10,3505865.60,1528.90,16492.90,6510982.50,2566.20,495961.90,330.00,12172.20
30-01-2004,18106.70,3308.70,399.80,535.30,1499.10,3381285.40,1468.30,15686.20,6274076.30,2464.50,469106.60,321.80,11404.90
27-02-2004,17906.30,3276.40,395.90,525.70,1484.40,3346910.50,1454.00,15552.90,6236218.60,2450.10,465519.40,318.60,11285.90
31-03-2004,18397.10,3507.00,423.70,556.70,1588.80,3628354.50,1556.30,16647.20,6660986.90,2622.70,485750.80,344.80,12083.50
30-04-2004,17276.60,3215.70,388.50,551.10,1457.00,3411807.00,1427.00,15543.90,6106248.80,2407.80,455846.40,324.10,11271.20
31-05-2004,17849.60,3254.90,393.30,590.50,1474.80,3647393.80,1444.50,15954.20,6191328.00,2434.00,458116.60,322.00,11417.20
30-06-2004,18196.90,3275.80,395.80,587.40,1484.40,3721507.70,1453.80,16182.30,6222566.60,2450.00,457346.70,325.30,11507.50
30-07-2004,18151.20,3239.60,391.40,574.10,1467.80,3575438.10,1437.60,16172.60,6163765.70,2431.20,457742.20,325.10,11389.00
31-08-2004,18874.00,3370.60,407.30,612.30,1527.30,3817968.80,1495.80,16962.00,6418260.00,2538.20,469090.90,335.10,11917.00
30-09-2004,19119.90,3440.10,415.70,625.80,1558.80,3807353.10,1526.70,17218.30,6548564.20,2591.60,478620.90,334.70,12146.60
29-10-2004,19305.10,3522.10,425.60,627.50,1595.90,3872503.20,1563.00,17475.20,6700281.70,2651.20,476403.00,334.50,12232.60
30-11-2004,20171.80,3752.60,453.40,649.50,1700.40,4080599.10,1665.20,17868.50,7151023.30,2822.40,475389.80,341.20,12754.10
31-12-2004,18935.50,3605.20,435.60,587.40,1633.80,4043455.60,1599.90,16923.10,6870716.50,2644.10,450933.00,320.50,12074.80
31-01-2005,18429.00,3493.90,422.20,563.80,1583.20,3869426.00,1550.40,16278.10,6664480.50,2463.20,432914.70,323.90,11828.60
28-02-2005,18985.60,3604.00,435.50,556.70,1633.00,4031177.90,1599.50,16664.70,6881415.60,2526.20,438280.40,328.10,12051.10
31-03-2005,18666.80,3538.20,427.50,577.30,1603.30,4048425.00,1570.20,16721.70,6762622.50,2479.50,434126.30,328.90,11911.00
29-04-2005,18966.00,3606.00,435.70,605.00,1634.00,4165291.50,1600.30,17192.70,6896258.80,2528.20,434436.40,337.50,12104.20
31-05-2005,18130.10,3430.30,414.50,562.20,1554.30,3940382.90,1522.20,16835.00,6571104.00,2401.70,417972.80,335.70,11704.30
30-06-2005,19005.10,3617.60,437.10,583.80,1639.20,4266094.60,1605.40,18061.00,6928469.80,2531.90,451742.70,361.10,12514.20
29-07-2005,18635.80,3477.30,429.00,568.60,1608.90,4206345.00,1575.70,17859.30,6811662.00,2477.50,440454.30,353.20,12275.80
31-08-2005,19102.00,3509.20,433.30,581.60,1624.90,4462475.00,1591.20,17895.40,6878277.00,2501.00,450796.60,352.30,12343.30
30-09-2005,20806.40,3829.50,473.30,636.90,1775.70,4869742.50,1737.80,19434.00,7521125.60,2725.90,492889.90,392.50,13467.50
31-10-2005,21233.20,3805.80,470.80,636.50,1765.50,4761636.30,1729.10,19204.30,7483042.00,2709.90,489674.10,393.00,13444.60
30-11-2005,22750.30,4005.10,495.70,671.50,1858.90,4971368.50,1820.50,20443.10,7884798.70,2856.60,512254.20,420.40,14276.70
30-12-2005,23090.10,4140.00,513.00,693.30,1923.90,5047920.00,1884.30,21033.00,8163882.00,2944.00,518566.00,434.90,14744.30
31-01-2006,25096.10,4585.00,568.80,752.50,2133.10,5338571.90,2089.00,22138.60,9053362.50,3259.90,548644.60,468.40,15994.00
28-02-2006,24669.70,4470.40,556.00,730.90,2085.20,5105470.00,2042.20,21771.80,8845960.00,3188.00,539876.00,466.40,15583.60
31-03-2006,25936.80,4666.00,582.00,783.10,2182.70,5288634.00,2137.50,22636.90,9268350.00,3345.00,565500.20,480.90,16128.70
28-04-2006,28925.30,5161.00,644.00,850.70,2415.30,5662370.00,2365.50,24195.10,10266970.00,3705.60,607420.80,511.30,17549.80
31-05-2006,30233.90,5235.40,653.00,1026.50,2449.10,6043515.00,2398.30,24944.60,10420247.50,3763.70,617542.10,508.40,17617.10
30-06-2006,28245.50,4904.50,613.50,974.50,2300.60,5682850.50,2253.30,23408.10,9813546.00,3530.70,582027.40,479.80,16474.90
31-07-2006,29449.20,5040.40,632.50,946.20,2372.10,5736775.00,2323.10,23933.80,10123795.00,3632.90,604480.20,495.60,16957.30
31-08-2006,29014.60,4958.50,623.50,913.70,2338.40,5671979.50,2290.00,23437.40,9984729.00,3579.20,599495.30,487.10,16685.20
29-09-2006,27520.60,4736.50,599.30,906.40,2247.40,5528081.30,2201.00,22522.80,9620659.10,3439.50,567190.10,473.10,16060.90
31-10-2006,27186.90,4757.00,603.80,880.90,2264.20,5501671.90,2217.60,22169.70,9705281.30,3462.50,568853.20,473.00,16123.40
30-11-2006,28928.20,5065.90,646.70,939.70,2425.40,5927005.10,2375.20,23206.80,10392468.20,3698.80,601010.50,487.90,16973.60
29-12-2006,27972.30,4932.80,632.00,895.20,2370.20,5683892.00,2321.20,22846.80,10147392.00,3609.50,587760.00,479.30,16637.70
31-01-2007,28727.40,5056.90,650.50,918.20,2439.80,5919550.00,2389.20,22598.40,10434020.00,3705.90,612445.80,500.60,17242.00
28-02-2007,29407.50,5141.20,664.20,939.50,2490.90,6065141.90,2438.80,22549.60,10623214.00,3782.60,625477.10,502.80,17363.80
30-03-2007,28763.00,5115.50,661.80,918.20,2481.70,6038468.80,2429.90,23167.90,10601235.00,3769.50,622442.00,497.10,17227.40
30-04-2007,27885.60,5215.50,677.00,924.30,2539.20,6149191.00,2486.60,23542.70,10863142.00,3848.70,629948.50,496.10,17396.20
31-05-2007,26762.80,5039.90,659.10,869.90,2471.90,5817874.40,2420.50,22827.90,10608212.10,3751.40,611974.20,489.80,17060.50
29-06-2007,26493.20,4952.40,650.50,849.60,2439.80,5877267.50,2389.20,22458.50,10495817.50,3703.00,600996.90,481.70,16763.60
31-07-2007,26874.60,5039.40,665.50,850.20,2495.90,6139237.50,2444.20,22477.30,10741170.00,3764.20,611794.00,486.20,17009.80
31-08-2007,27468.00,5070.20,672.00,876.00,2520.50,6310080.00,2468.30,23056.30,10913280.00,3799.80,630504.00,492.90,17236.50
28-09-2007,29606.70,5577.00,743.00,900.00,2779.90,6794735.00,2727.70,25466.30,11951898.00,4151.50,679956.40,522.50,18492.80
31-10-2007,31045.90,5892.00,789.50,924.70,2953.70,7182081.50,2899.00,26831.20,12695949.50,4356.10,711102.60,545.70,19480.50
30-11-2007,31046.20,5797.90,783.50,923.40,2910.70,7341395.00,2864.20,26519.50,12573216.30,4336.70,721721.00,533.80,19169.50
31-12-2007,32862.30,6089.80,833.80,977.40,3127.00,7830996.90,3062.00,28084.90,13353756.90,4599.20,780431.50,570.30,20459.10
31-01-2008,36353.00,6630.60,923.30,1083.80,3461.50,8536831.10,3389.30,30481.10,14744764.10,5126.40,871455.60,623.60,22604.30
29-02-2008,38874.60,6908.80,971.50,1173.80,3637.80,8806647.50,3567.90,30578.00,15476480.80,5329.90,912286.90,639.90,23341.80
31-03-2008,37452.00,6545.70,933.50,1247.20,3501.80,8592867.50,3428.40,29391.20,15038685.00,5085.90,924491.60,589.10,21888.40
30-04-2008,35288.60,6086.10,871.00,1112.40,3266.70,8032362.00,3199.10,27619.40,14042262.00,4681.60,873308.10,559.50,20626.10
30-05-2008,37604.50,6148.90,885.80,1080.10,3322.10,8250761.30,3253.20,28782.40,14389894.50,4736.60,912366.60,570.00,20991.70
30-06-2008,40024.00,6376.20,930.30,1137.40,3488.20,8576905.00,3416.90,31102.90,15667270.50,4956.10,973087.80,590.40,21809.40
31-07-2008,39083.90,6271.60,918.00,1059.60,3442.70,8349210.00,3371.80,30743.80,15390270.00,4873.00,929061.70,588.40,21511.00
29-08-2008,36597.90,5693.60,833.00,985.00,3124.00,7621950.00,3059.70,28521.90,13765325.00,4477.40,907053.60,565.80,20487.50
30-09-2008,41540.50,6057.50,884.50,1124.20,3326.60,8340835.00,3249.00,29931.50,14682700.00,4831.60,1067547.20,629.70,22716.10
31-10-2008,36135.60,4998.00,730.80,1119.30,2741.20,7965175.00,2684.30,25631.10,12294868.80,4073.90,943361.70,576.30,19807.70
28-11-2008,40794.20,5567.00,814.50,1277.80,3055.70,9794362.50,2991.70,28927.00,13823694.00,4496.00,1196500.50,641.90,22742.00
31-12-2008,42374.20,5934.30,869.80,1342.50,3264.30,9480275.00,3194.60,30249.90,15205839.30,4793.40,1095493.40,625.70,26557.80
30-01-2009,44945.20,6287.50,919.50,1512.20,3450.50,10463910.00,3377.10,32159.50,16076078.30,5118.40,1268542.10,717.50,32863.90
27-02-2009,48685.30,6511.50,952.00,1619.80,3570.40,11404960.00,3496.70,34443.40,16640008.00,5299.80,1459892.00,749.60,34147.60
31-03-2009,46498.60,6263.00,916.50,1533.40,3437.20,10590157.50,3366.40,32503.70,16310950.50,5163.60,1267748.60,690.30,31080.80
30-04-2009,44193.40,6026.40,883.30,1407.20,3312.30,9349201.30,3244.20,31139.00,15706834.80,4976.20,1133209.80,666.60,29222.00
29-05-2009,45960.70,6660.80,975.50,1506.70,3658.30,10037895.00,3582.80,33498.70,17339512.50,5484.30,1224349.90,689.20,30041.00
30-06-2009,44767.20,6383.30,934.50,1435.60,3504.60,9538908.80,3432.30,31838.40,16608868.50,5227.60,1190506.20,666.20,29130.50
31-07-2009,45025.10,6415.30,939.00,1388.80,3521.30,9319575.00,3449.00,31954.20,16726876.50,5209.60,1153279.80,662.30,29634.80
31-08-2009,46652.30,6526.60,955.50,1433.70,3583.40,9631440.00,3509.50,32496.60,17026054.50,5281.10,1193323.90,665.80,30371.60
30-09-2009,47900.60,6797.30,995.80,1480.00,3734.30,9623923.80,3657.30,33268.00,17764677.90,5478.60,1173242.40,681.20,29922.30
30-10-2009,48843.60,7100.60,1040.00,1558.90,3900.10,9932000.00,3819.80,34762.00,18571280.00,5691.90,1229540.00,704.90,30285.90
30-11-2009,54690.00,8027.00,1175.80,1798.20,4409.10,11116716.30,4319.20,39087.80,21733738.80,6439.60,1367161.90,783.10,34366.60
31-12-2009,50606.80,7424.40,1087.50,1630.10,4078.90,10217062.50,3994.60,36257.30,20090475.00,5964.70,1266366.40,758.00,32965.90
29-01-2010,49794.30,7362.70,1078.50,1606.70,4044.50,10083975.00,3961.40,35800.80,19924209.00,5894.00,1252947.40,775.90,32709.50
26-02-2010,51095.90,7564.90,1108.30,1708.20,4156.00,10345513.80,4070.60,36644.30,21139868.80,6084.30,1285459.10,812.10,33140.00
31-03-2010,50080.40,7614.30,1115.50,1698.00,4183.30,10150492.30,4097.20,36069.70,21294895.00,6141.90,1262132.40,824.40,32819.40
30-04-2010,52311.50,8048.60,1179.30,1751.10,4422.80,10629759.50,4331.40,38154.60,22379216.90,6555.50,1307021.60,886.90,34460.60
31-05-2010,55985.70,8244.70,1207.50,1899.20,4528.40,11078812.50,4435.30,39255.80,22924387.50,6835.10,1451433.00,984.10,37331.10
30-06-2010,57777.60,8436.10,1244.00,1969.60,4665.60,11276860.00,4569.10,40293.20,23735520.00,7085.80,1520124.30,1015.60,38855.10
30-07-2010,54247.40,7920.00,1169.00,1761.10,4383.90,10460796.50,4293.70,37729.50,22298675.00,6664.50,1383014.60,897.30,35426.50
31-08-2010,58611.80,8482.00,1246.00,1897.50,4672.70,11257610.00,4576.20,38993.60,24290770.00,7109.20,1493829.30,980.40,38354.40
30-09-2010,58730.00,8745.40,1307.00,1890.50,4901.60,11664975.00,4800.60,39667.40,25453825.00,7440.80,1490306.80,957.40,39953.70
29-10-2010,59829.40,8983.90,1346.80,1928.70,5050.50,12036578.10,4946.60,40375.60,26248157.50,7777.10,1515430.40,969.00,41556.90
30-11-2010,63481.90,9223.80,1383.50,2085.50,5188.80,12498539.00,5081.60,41823.20,26976866.50,8010.50,1604029.80,1062.80,43582.30
31-12-2010,62846.90,9261.80,1405.50,2163.10,5271.00,12663555.00,5162.50,42368.80,27403736.30,8158.90,1595101.80,1047.70,42905.70
31-01-2011,60922.60,8762.20,1327.00,2127.40,4977.10,12006696.00,4874.00,40997.70,25873182.50,7772.90,1487964.80,967.90,39515.40
28-02-2011,63868.90,9272.50,1411.00,2257.90,5292.10,12447136.50,5182.70,43141.30,29458152.50,8312.20,1592525.00,1021.60,40713.80
31-03-2011,64172.20,9423.30,1439.00,2221.60,5396.50,12530092.50,5285.00,43522.60,30067905.00,8575.70,1578511.00,1014.00,40896.40
29-04-2011,67892.10,9966.90,1535.50,2332.70,5757.70,13150022.00,5639.90,45834.70,31700397.50,9131.60,1645518.40,1035.00,42035.10
31-05-2011,69211.60,9955.10,1536.50,2455.00,5762.00,13114795.80,5643.60,46555.90,31567392.50,9129.90,1658113.80,1068.80,43005.90
30-06-2011,67299.60,9731.60,1505.50,2444.90,5645.70,12910415.30,5529.70,46256.50,30990717.50,8985.60,1607346.90,1038.40,42026.80
29-07-2011,71963.40,10482.00,1628.50,2731.20,6107.20,13846321.30,5981.30,48570.00,33538957.50,9702.60,1716927.20,1133.30,45009.10
31-08-2011,83511.70,11566.90,1813.50,3113.10,6800.80,15474595.50,6660.40,54350.60,37778832.00,10796.20,1934732.20,1259.60,52323.60
30-09-2011,79339.50,10345.20,1620.00,3012.30,6075.70,14239800.00,5950.30,50357.70,33743790.00,9663.70,1908440.70,1207.40,52225.60
31-10-2011,83852.80,10943.10,1722.00,3035.70,6458.20,15244005.00,6324.90,52951.50,36176637.00,10277.80,1908320.30,1234.60,52106.00
30-11-2011,91149.90,11137.60,1746.00,3185.60,6548.20,15906060.00,6413.10,54422.80,36675603.00,10484.40,1995154.10,1297.00,53627.20
30-12-2011,81303.80,9636.10,1531.00,2891.50,5741.60,13882342.50,5623.40,48303.00,32202288.50,9233.10,1763712.00,1179.40,49180.30
31-01-2012,86232.10,11002.00,1744.00,3089.80,6540.40,15678560.00,6405.70,53933.20,36655392.00,10513.70,1959122.20,1332.30,52784.30
29-02-2012,86747.70,11139.70,1770.00,3090.30,6638.30,15965400.00,6501.20,53569.10,36877950.00,10674.40,1980143.00,1323.20,51710.50
30-03-2012,84696.10,10470.40,1662.50,2964.10,6235.10,15201900.00,6106.40,51288.10,34663125.00,10041.50,1883695.30,1248.40,48953.10
30-04-2012,87020.90,10419.70,1651.30,2904.50,6192.70,15175813.10,6065.00,50775.90,34453331.30,9982.20,1866118.90,1247.60,48493.10
31-05-2012,87493.40,9922.90,1558.00,2903.60,5843.00,14645200.00,5722.50,49567.80,32515460.00,9410.30,1838829.50,1260.10,52156.80
29-06-2012,89252.20,10157.00,1598.50,2891.20,5995.10,15013911.30,5871.30,50768.40,33416642.50,9684.50,1830841.70,1259.60,51850.20
31-07-2012,90207.50,10320.30,1622.00,2905.20,6083.20,15352230.00,5957.60,51044.30,33851140.00,9853.20,1833873.80,1317.00,52191.90
31-08-2012,91697.80,10465.30,1648.50,2997.10,6182.30,15718447.50,6054.90,51655.70,34354740.00,10060.40,1870429.30,1307.80,53285.70
28-09-2012,93675.10,11162.00,1776.00,3189.00,6660.20,16996320.00,6523.30,54665.30,37091760.00,10827.80,1973890.50,1380.50,55413.40
31-10-2012,92473.60,10721.80,1719.00,3084.70,6446.60,16510995.00,6313.90,52687.30,35841150.00,10507.40,1874741.20,1326.60,53901.80
30-11-2012,93885.80,10747.30,1726.00,3082.60,6472.70,16558381.00,6339.60,52970.90,35987100.00,10547.60,1868998.90,1327.10,53357.10
31-12-2012,90814.40,10326.70,1657.50,2958.10,6216.40,15974156.30,6088.10,50702.90,34542300.00,10548.90,1774478.00,1257.20,50633.30
31-01-2013,88548.00,10352.80,1664.80,2928.50,6243.10,16214665.00,6114.60,49642.80,34693390.00,11179.10,1812787.60,1226.40,49967.90
28-02-2013,86422.30,9882.50,1588.50,2857.20,5957.20,15350469.80,5834.60,47257.90,33287017.50,10707.10,1720067.40,1215.10,48612.30
29-03-2013,86864.90,9932.00,1598.30,2892.00,5993.70,15530994.40,5870.40,46804.70,33471350.60,10873.00,1778212.70,1244.70,49680.60
30-04-2013,79142.40,9056.40,1469.00,2634.60,5509.10,14282352.50,5396.10,43115.10,30746170.00,10186.40,1617809.40,1114.20,45483.90
31-05-2013,78768.30,8554.60,1394.50,2616.40,5229.70,13659127.50,5121.90,42218.50,29302628.50,9738.80,1575366.60,1076.00,44535.10
28-06-2013,70834.60,7316.00,1192.00,2299.90,4470.20,11830600.00,4378.20,36969.90,25276360.00,8367.10,1361323.40,917.00,39131.00
31-07-2013,79928.20,8056.40,1314.50,2553.40,4929.90,13509773.80,4828.20,41143.80,27834537.50,9201.40,1476741.90,990.00,43427.70
30-08-2013,92151.10,8535.20,1394.80,2842.90,5231.10,15230670.00,5123.00,44897.00,29505936.30,9743.20,1548242.00,1057.80,46449.40
30-09-2013,83045.50,8120.80,1326.50,2683.30,4974.70,15360870.00,4872.20,41492.90,28005731.30,9141.60,1425556.10,979.90,42963.30
31-10-2013,81366.40,8069.10,1324.00,2637.70,4965.50,14924790.00,4863.10,41209.50,27936400.00,9120.10,1404433.00,973.90,42488.70
29-11-2013,78300.00,7634.80,1253.00,2529.60,4699.20,14989012.50,4602.30,40233.80,26463360.00,8625.30,1326049.70,920.30,41449.40
31-12-2013,74504.30,7291.90,1204.50,2587.90,4517.40,14658765.00,4424.10,39579.90,25408927.50,8369.50,1271168.90,874.10,39579.90
31-01-2014,78381.40,7581.10,1251.00,2828.40,4691.70,15274710.00,4594.90,41295.50,26346060.00,8709.00,1339007.70,927.70,44048.30
28-02-2014,82216.50,8151.30,1326.50,2925.50,4974.80,15399338.50,4872.20,43277.10,27989150.00,9233.30,1416038.80,960.40,47668.80
31-03-2014,77146.50,8032.10,1291.80,2763.30,4844.50,14674280.00,4744.60,41904.40,27252695.60,9000.20,1375003.20,937.20,45390.00
30-04-2014,77715.90,8065.10,1288.50,2728.30,4832.50,14896992.80,4732.60,41695.80,27164801.30,9029.20,1331406.80,929.30,45919.20
30-05-2014,73892.00,7812.30,1250.50,2618.80,4690.10,14599587.50,4593.00,41053.90,26457453.80,8941.50,1275760.00,916.40,43587.10
30-06-2014,79090.70,8159.60,1315.00,2788.20,4931.90,15589325.00,4829.70,42678.30,28048950.00,9402.30,1330516.70,960.50,44778.90
31-07-2014,77786.50,7936.00,1285.30,2757.10,4820.30,14879981.90,4720.80,41269.40,27289070.60,9189.60,1321044.00,960.60,45866.30
29-08-2014,78019.30,7898.60,1285.80,2774.60,4822.10,15040060.60,4722.60,41066.80,27251471.30,9193.20,1303686.20,976.10,47690.70
30-09-2014,75131.00,7468.70,1216.50,2774.60,4563.70,14823052.50,4468.10,39445.00,25823253.80,8698.00,1283711.60,963.00,48118.70
31-10-2014,71484.90,7117.60,1164.30,2584.90,4368.00,14069961.30,4276.30,37919.60,24775240.00,8324.40,1244268.90,929.20,50038.60
28-11-2014,73395.50,7268.00,1182.80,2622.30,4438.90,14434281.00,4344.30,38835.60,25307893.10,8456.70,1310427.80,948.70,58513.60
31-12-2014,76125.70,7482.00,1206.00,2819.30,4525.50,14936310.00,4429.60,39677.40,25793325.00,8623.00,1325574.80,996.70,72360.00
30-01-2015,78053.60,7877.80,1260.30,3073.90,4738.90,15964216.90,4629.00,41248.00,26861598.60,9565.40,1378209.20,1116.80,88627.10
27-02-2015,75031.30,7611.30,1214.00,3053.20,4552.80,15690950.00,4458.70,39248.60,25915865.00,9262.90,1332425.50,1082.30,75042.50
31-03-2015,74283.90,7358.90,1187.00,3082.00,4452.60,15520025.00,4359.70,38625.00,25585785.00,9056.90,1316917.10,1105.20,68997.00
30-04-2015,74963.60,7320.90,1180.30,3157.40,4426.10,15298990.60,4335.00,38906.90,25481597.50,9005.40,1265228.00,1053.30,60888.70
29-05-2015,76090.20,7384.90,1191.40,3171.50,4468.20,15755072.30,4376.10,40078.70,25990388.90,9090.40,1320368.90,1086.70,62664.50
30-06-2015,74569.30,7261.40,1171.00,3137.10,4391.30,15612357.50,4301.00,39551.10,25572883.50,8934.80,1306191.90,1051.00,65242.10
31-07-2015,70427.40,6820.70,1098.40,3034.60,4119.30,14858604.70,4034.20,38713.10,23964889.10,8600.50,1285292.50,994.20,67029.50
31-08-2015,75449.10,7237.10,1135.00,3304.00,4256.90,15946750.00,4168.90,40684.10,25516502.50,8887.10,1342421.30,1012.90,75727.20
30-09-2015,73123.00,7081.80,1114.00,3372.90,4177.80,16320100.00,4091.60,40432.60,25039935.00,8722.70,1320424.00,998.00,73085.00
30-10-2015,74646.80,7216.80,1142.40,3326.10,4284.40,15635913.60,4195.70,40630.50,25514955.20,9173.10,1302335.70,1034.10,72933.60
30-11-2015,70780.90,6794.10,1061.90,3086.40,3985.80,14691385.20,3900.40,38058.50,23892747.80,8314.70,1229733.00,1005.40,70135.80
31-12-2015,70125.60,6883.20,1060.00,3094.00,3979.10,14612100.00,3893.40,38144.10,23834100.00,8299.90,1242902.80,975.80,77417.10
29-01-2016,75466.20,7314.30,1111.80,3290.70,4170.90,15315042.30,4083.70,39727.40,24715309.70,8705.50,1332936.70,1027.50,83608.70
29-02-2016,84498.00,8085.00,1234.90,3648.90,4631.50,16513081.50,4535.90,43999.50,27538267.80,9669.30,1527200.70,1136.50,92670.80
31-03-2016,81917.20,8000.40,1237.00,3483.00,4639.60,16402620.00,4543.50,43517.70,27576441.00,10984.50,1414633.00,1085.50,82705.80
29-04-2016,85277.10,8336.80,1285.70,3592.50,4821.60,16955150.90,4722.10,44907.70,28657136.30,11416.50,1464869.40,1122.50,83159.00
31-05-2016,81556.10,7981.70,1212.10,3577.70,4545.60,16557284.00,4451.90,43302.30,27138915.70,10763.40,1444580.40,1088.80,80091.00
30-06-2016,89144.00,8774.50,1320.80,3798.00,4953.90,17450409.40,4851.30,46411.20,29458008.00,11728.20,1521305.70,1188.90,84366.20
29-07-2016,89893.90,8931.00,1342.00,4012.80,5032.90,17578187.00,4929.30,46741.80,29925258.00,11916.90,1503241.20,1200.10,88845.40
31-08-2016,87680.50,8743.60,1309.30,3874.20,4910.20,17367201.30,4809.00,45320.30,29202821.30,11626.10,1459813.80,1175.50,85549.70
30-09-2016,88052.00,8821.10,1322.50,3968.40,4961.70,17259947.50,4857.50,45824.60,29497701.30,11743.70,1456535.20,1176.80,83345.60
31-10-2016,84952.40,8612.50,1272.00,3938.80,4770.60,16597056.00,4672.20,44516.80,28394856.00,11295.30,1455486.00,1160.40,80504.10
30-11-2016,80639.70,8113.60,1178.10,4039.50,4419.00,15966198.30,4327.00,42034.00,26695742.70,20940.70,1377257.40,1110.60,76075.80
30-12-2016,77772.20,7963.40,1145.90,4030.80,4299.20,15438136.40,4208.80,41035.20,26093286.70,20775.20,1384017.70,1086.40,69950.00
31-01-2017,82282.40,8341.60,1212.80,4578.70,4548.20,16193909.40,4454.50,42702.70,27400179.60,22982.60,1409394.50,1122.20,72893.10
28-02-2017,83772.10,8624.50,1255.60,4554.80,4708.70,16744679.70,4611.20,43827.30,28582475.10,19838.50,1419769.50,1181.60,73372.60
31-03-2017,80834.30,8579.30,1244.90,4533.30,4668.50,16588246.70,4572.30,42776.10,28326558.40,22469.50,1392115.40,1163.90,70137.20
28-04-2017,81470.70,8735.20,1266.50,4500.70,4749.50,16880511.40,4651.70,43806.50,28803504.50,22859.40,1441093.30,1163.00,72179.00
31-05-2017,81695.20,8636.80,1266.20,4477.90,4748.80,16865783.40,4650.80,43126.80,28761731.90,22918.20,1417637.30,1126.00,71872.70
30-06-2017,80295.90,8421.80,1242.30,4375.90,4658.80,16556086.90,4562.70,42199.20,28237584.80,22509.60,1421320.20,1089.20,73626.60
31-07-2017,81314.90,8529.20,1267.60,4466.40,4753.40,16888833.60,4655.70,42179.60,28806970.60,22708.20,1418451.40,1075.10,76257.40
31-08-2017,83855.20,8653.50,1311.80,4528.90,4919.30,17501368.50,4818.20,43556.60,29818045.10,23165.50,1479129.10,1103.30,76179.90
29-09-2017,83812.10,8523.40,1283.10,4562.80,4811.80,17282071.90,4712.40,42791.40,29160368.80,22646.70,1469598.20,1085.40,73852.00
31-10-2017,82269.20,8417.80,1270.20,4822.20,4763.40,17226408.10,4664.80,42194.40,28848279.70,22401.30,1423012.30,1090.30,74107.70
30-11-2017,82547.30,8463.00,1280.20,5000.50,4801.00,17315984.50,4702.20,41811.30,29085502.80,22637.10,1393177.60,1073.70,74781.30
29-12-2017,82401.30,8407.00,1291.00,4895.00,4841.60,17515642.50,4741.60,42073.70,29317319.00,22954.00,1382079.80,1075.10,74324.50
31-01-2018,85550.20,8462.00,1345.10,5045.80,5043.90,18008199.30,4940.50,42127.00,30545072.30,23753.60,1436311.20,1079.70,75680.90
28-02-2018,85853.00,8344.60,1317.90,5016.30,4942.30,18118458.70,4840.40,41367.30,29990309.10,23273.20,1427099.50,1080.50,74191.60
30-03-2018,86343.70,8329.30,1323.90,5244.30,4964.40,18226102.90,4862.50,41396.80,30196353.20,23339.50,1411091.40,1076.40,76121.40
30-04-2018,87643.00,8332.10,1313.20,5338.50,4924.80,18269894.30,4823.60,41444.60,29893027.10,23163.20,1402563.00,1086.90,82699.60
31-05-2018,88088.30,8355.50,1305.40,5923.00,4895.60,18137836.20,4794.70,41758.10,29769808.80,23359.20,1407101.80,1118.30,81359.20
29-06-2018,85674.60,8284.60,1250.50,5728.60,4689.60,17918947.80,4593.10,41427.40,28708455.20,22370.60,1393626.50,1071.00,78406.30
31-07-2018,83740.40,8334.80,1221.00,5993.60,4579.10,17606098.30,4484.70,40621.00,28427377.70,21836.70,1365815.50,1043.50,76184.20
31-08-2018,85285.30,8212.30,1202.50,7962.90,4509.80,17712087.80,4416.80,39356.20,28021893.70,21439.70,1338507.10,1033.50,80989.50
28-09-2018,86063.70,8169.00,1187.30,7132.20,4452.50,17691805.90,4360.80,38395.70,27695574.40,21275.50,1316957.10,1022.20,77759.00
31-10-2018,89839.50,8473.20,1215.00,6807.70,4557.50,18470276.60,4462.60,40275.60,28363614.10,21790.10,1384496.00,1072.30,79870.80
30-11-2018,84857.10,8454.40,1217.60,6391.30,4567.90,17414006.10,4472.20,40042.20,28390217.60,21806.30,1364812.40,1075.30,81518.00
31-12-2018,89293.40,8781.20,1279.00,6804.20,4797.90,18392020.00,4698.00,41644.20,29666405.00,22919.70,1427108.00,1118.80,88727.40
31-01-2019,94109.50,8873.10,1323.30,6849.00,4962.90,18489110.60,4860.30,41341.60,30698076.80,23408.30,1472314.00,1153.20,86644.80
28-02-2019,93826.20,8820.10,1319.20,7036.40,4947.30,18557141.30,4845.20,41569.70,30604277.70,23111.50,1483647.80,1158.50,86927.00
29-03-2019,89738.80,8705.40,1295.40,7318.50,4858.20,18446494.60,4758.10,41109.50,30058459.30,22449.30,1470408.20,1153.70,85104.50
30-04-2019,89188.80,8638.60,1282.30,7654.70,4809.00,18272772.20,4710.10,40937.40,29861556.70,22055.60,1497918.40,1144.20,82807.70
31-05-2019,90288.50,8943.20,1295.60,7560.40,4858.80,18490734.60,4758.70,41000.90,30336594.20,21687.50,1542870.10,1162.60,84393.70
28-06-2019,97259.70,9677.40,1409.00,8149.70,5284.10,19905647.50,5175.50,43210.50,32836745.00,23523.20,1626901.70,1237.30,88872.70
31-07-2019,98194.00,9829.40,1427.60,7939.70,5354.10,20009965.60,5243.60,43904.30,33165550.80,23654.50,1688934.00,1282.20,90545.90
30-08-2019,109139.20,10920.90,1528.40,8904.80,5732.60,21680352.60,5614.00,46727.00,35437480.10,25295.00,1851274.40,1387.90,101808.60
30-09-2019,105261.40,10602.70,1485.30,8386.70,5571.70,21083830.70,5455.70,45427.90,34460440.80,24160.20,1776641.20,1362.40,96370.00
31-10-2019,107169.80,10630.10,1511.00,8631.40,5666.50,21209204.50,5549.40,45623.10,35058571.70,24386.70,1757914.70,1354.30,96808.40
29-11-2019,104747.50,10259.70,1460.20,8386.40,5475.60,20595414.40,5363.40,44122.10,33846274.70,23537.60,1724655.90,1324.30,93843.80
31-12-2019,108120.00,10551.30,1514.80,9014.30,5682.30,21028516.90,5563.90,45372.40,35100544.40,24311.70,1751732.60,1349.40,94083.00
31-01-2020,113044.60,10978.50,1584.20,9481.40,5943.90,21632250.30,5818.80,49379.50,36789875.50,25030.40,1888128.90,1429.50,101248.30
28-02-2020,116178.90,11252.90,1609.90,10060.40,6039.40,23097324.30,5912.80,50798.80,37414526.10,25166.00,1955162.90,1465.60,108181.90
31-03-2020,121719.10,11412.40,1609.00,10603.40,6044.80,26241973.70,5909.90,52801.70,37998571.00,25324.90,1958655.40,1466.40,125713.30
30-04-2020,127868.00,12008.00,1702.80,11901.40,6393.80,25328406.30,6254.40,55092.50,39893729.80,26818.30,2074715.70,1554.60,125916.20
29-05-2020,130717.80,12352.60,1728.70,11792.30,6495.60,25256306.30,6349.80,54989.90,40246727.90,27417.20,2140908.40,1554.10,122117.50
30-06-2020,133498.20,12507.70,1768.10,12119.90,6632.10,25257309.90,6494.50,54647.60,41030530.90,28537.10,2126759.40,1574.20,125984.90
31-07-2020,146999.10,13714.00,1964.90,13714.00,7369.20,28687538.60,7217.40,61270.50,45539502.60,31379.50,2340981.60,1661.70,145820.10
31-08-2020,144075.60,13417.20,1957.40,14404.10,7340.90,28503910.80,7189.60,60917.60,45361588.50,31024.00,2325136.00,1636.70,144982.20
30-09-2020,139215.50,12850.90,1886.90,14537.00,7077.60,28077070.60,6930.90,59791.10,43742113.50,29737.50,2206729.40,1609.10,146425.80
30-10-2020,139459.20,12608.80,1881.90,15775.60,7057.50,27522057.70,6912.30,58652.60,43625989.90,29545.10,2135335.20,1615.50,149583.60
30-11-2020,130527.80,11601.50,1762.60,13787.10,6610.60,24887206.70,6474.10,53317.10,40789814.50,27654.40,1950349.80,1473.50,134826.30
31-12-2020,137922.20,12344.50,1887.60,14029.60,7081.50,26520781.40,6933.40,56552.50,43570529.30,29692.00,2050500.10,1542.70,139615.20
29-01-2021,135982.90,12041.60,1863.80,13602.90,6990.70,26149114.70,6846.00,55783.50,42958727.30,29280.30,2084846.70,1534.10,140624.90
26-02-2021,128073.30,11258.80,1742.90,12928.50,6536.60,24818185.40,6401.80,52520.80,40114309.30,27362.80,1958092.10,1435.90,129907.70
31-03-2021,123639.00,11084.80,1691.10,13995.60,6342.10,24562502.00,6211.50,52845.30,39020979.90,26579.10,1913845.90,1438.80,127706.00
30-04-2021,130934.30,11439.40,1767.70,14657.40,6628.90,25533702.80,6492.80,55040.20,40753168.50,27681.40,1966245.40,1468.40,132708.50
31-05-2021,137979.10,12084.80,1900.00,16105.40,7125.40,27131285.30,6978.30,59344.90,43786246.60,29772.20,2110939.40,1554.00,139376.80
30-06-2021,131054.90,11392.50,1763.20,15317.40,6612.50,25565673.60,6476.30,56509.00,40580658.20,27672.60,1985571.30,1486.80,128804.70
30-07-2021,135863.20,11787.60,1825.80,15376.50,6847.30,26404909.40,6706.30,60007.80,41910091.30,28673.40,2100068.90,1539.70,133550.20
31-08-2021,132497.70,11729.70,1814.90,15089.60,6807.00,25884299.50,6666.20,58497.20,41346822.40,28493.20,2104228.00,1537.40,132928.70
30-09-2021,129363.70,11262.20,1742.80,15483.50,6536.70,24943825.70,6401.60,58967.60,39666129.10,27396.80,2063475.30,1503.80,126849.70
29-10-2021,132476.20,11321.30,1769.20,17010.60,6635.90,25064431.20,6498.40,58704.80,40250814.00,27793.30,2067340.10,1528.80,125541.10
30-11-2021,135605.20,11496.10,1804.40,23958.40,6769.40,25843517.60,6627.70,60803.80,40948149.20,28418.40,2143446.60,1603.10,134213.50
31-12-2021,134239.00,11509.30,1805.90,23981.20,6779.90,25737878.50,6633.00,60324.40,41155323.70,28369.90,2146704.30,1588.00,135450.00
31-01-2022,133966.00,11427.40,1795.30,24084.20,6735.60,25819285.50,6594.00,59772.90,40662412.50,28203.40,2164173.90,1601.50,138983.80
28-02-2022,143902.40,12053.20,1909.90,26469.90,7165.20,27438816.40,7015.00,62404.40,43563680.70,30003.80,2296308.30,1700.40,204712.10
31-03-2022,147166.40,12319.30,1942.20,28487.00,7286.00,27894128.00,7133.60,64576.50,44359674.80,35502.50,2353982.80,1745.50,159936.00
29-04-2022,146104.60,12589.70,1911.30,28394.30,7168.90,27708116.80,7020.30,65462.00,43890138.70,35339.90,2400592.90,1811.70,135367.80
31-05-2022,142749.80,12239.80,1838.70,30126.20,6896.00,26810084.00,6753.70,62920.30,42639451.90,34209.00,2274839.60,1716.40,115838.10
30-06-2022,143493.00,12163.50,1817.00,30337.50,6817.60,27068757.50,6674.00,64240.00,42272505.00,34159.60,2359192.80,1738.00,99480.80
29-07-2022,138976.70,11813.00,1753.40,31414.80,6585.80,26007304.10,6440.30,64542.70,40924353.70,33174.30,2277841.80,1719.60,111560.10
31-08-2022,136342.20,11829.30,1715.90,31219.90,6450.10,25468244.30,6302.60,62566.00,40229273.20,32962.40,2295101.90,1706.40,104069.30
30-09-2022,135999.00,11854.70,1671.80,30991.70,6280.80,25456573.10,6140.40,63058.40,39896313.80,32666.00,2391772.70,1706.50,102185.70
31-10-2022,135672.30,11962.40,1639.00,30490.20,6158.60,25564302.50,6020.10,62380.30,40729150.00,39581.90,2334673.60,1658.30,101126.30
30-11-2022,142798.50,12525.20,1753.50,32604.40,6591.80,27585185.30,6440.60,61837.20,43215007.50,43048.40,2312603.50,1703.00,106788.20
30-12-2022,150051.50,12608.70,1813.80,33952.50,6816.10,28235553.10,6661.30,62819.20,42759156.30,44899.40,2293486.90,1699.50,132403.80
